{
  "calibration_case": "cses_example",
  "timestamp": "2025-08-31 20:33:54",
  "algorithm": "backtracking_n_queens",
  "board": [
    "........",
    "........",
    "..*.....",
    "........",
    "........",
    ".....**..",
    "...*....",
    "........"
  ],
  "cpp": {
    "times": [
      0.002547033996961545,
      0.0026077749935211614,
      0.0023481359967263415,
      0.0021391819973359816,
      0.0025147599953925237,
      0.0032186309981625527,
      0.0021464719975483604,
      0.0018305089979548939,
      0.0018276749979122542,
      0.003517477001878433
    ],
    "outputs": [
      "65",
      "65",
      "65",
      "65",
      "65",
      "65",
      "65",
      "65",
      "65",
      "65"
    ],
    "median_time": 0.0025147599953925237,
    "avg_time": 0.002469765097339405,
    "min_time": 0.0018276749979122542,
    "max_time": 0.003517477001878433
  },
  "python": {
    "times": [
      0.02030731999548152,
      0.021740561998740304,
      0.017881911997392308,
      0.020289501000661403,
      0.03403047699976014,
      0.023436310999386478,
      0.016073601000243798,
      0.017099101998610422,
      0.0253980919951573,
      0.023043861998303328
    ],
    "outputs": [
      "65",
      "65",
      "65",
      "65",
      "65",
      "65",
      "65",
      "65",
      "65",
      "65"
    ],
    "median_time": 0.021740561998740304,
    "avg_time": 0.0219300739983737,
    "min_time": 0.016073601000243798,
    "max_time": 0.03403047699976014
  },
  "adjustment_factor": 8.645183651152708
}