{
  "test_case": 5,
  "repetitions": 5,
  "cpp": {
    "times": [
      0.3678269386291504,
      0.39476823806762695,
      0.3140604496002197,
      0.34133386611938477,
      0.34029340744018555
    ],
    "success_count": 5,
    "success_rate": 1.0,
    "median_time": 0.34133386611938477,
    "mean_time": 0.3516565799713135
  },
  "python": {
    "times": [
      0.37461280822753906,
      0.3456001281738281,
      0.3628547191619873,
      0.331162691116333,
      0.36563897132873535
    ],
    "success_count": 5,
    "success_rate": 1.0,
    "median_time": 0.3628547191619873,
    "mean_time": 0.3559738636016846
  },
  "adjustment_factor": 1.0630492757348473
}