{
  "calibration_case": 100,
  "timestamp": "2025-08-31 18:40:49",
  "cpp": {
    "times": [
      0.13262696400488494,
      0.1310159080021549,
      0.1325708670046879,
      0.12981055700220168,
      0.14623781599948416,
      0.13539411300007487,
      0.12765629399655154,
      0.13022148900199682,
      0.1571832169938716,
      0.1413615679994109
    ],
    "outputs": [
      "906443459",
      "906443459",
      "906443459",
      "906443459",
      "906443459",
      "906443459",
      "906443459",
      "906443459",
      "906443459",
      "906443459"
    ],
    "median_time": 0.13262696400488494,
    "avg_time": 0.13640787930053194,
    "min_time": 0.12765629399655154,
    "max_time": 0.1571832169938716
  },
  "python": {
    "times": [
      0.08040081500075758,
      0.09584287399775349,
      0.0896979429962812,
      0.10027255099703325,
      0.08142299400060438,
      0.09073096299835015,
      0.09692291400278918,
      0.08097501399606699,
      0.08460026599641424,
      0.11047479500120971
    ],
    "outputs": [
      "906443459",
      "906443459",
      "906443459",
      "906443459",
      "906443459",
      "906443459",
      "906443459",
      "906443459",
      "906443459",
      "906443459"
    ],
    "median_time": 0.09073096299835015,
    "avg_time": 0.09113411289872601,
    "min_time": 0.08040081500075758,
    "max_time": 0.11047479500120971
  },
  "adjustment_factor": 0.6841064611492451
}