{
  "test_case": 5,
  "repetitions": 5,
  "cpp": {
    "times": [
      0.2386782169342041,
      0.24021196365356445,
      0.253598690032959,
      0.23767590522766113,
      0.2606930732727051
    ],
    "success_count": 5,
    "success_rate": 1.0,
    "median_time": 0.24021196365356445,
    "mean_time": 0.24617156982421876
  },
  "python": {
    "times": [
      0.2702162265777588,
      0.265850305557251,
      0.2681300640106201,
      0.32082343101501465,
      0.25232577323913574
    ],
    "success_count": 5,
    "success_rate": 1.0,
    "median_time": 0.2681300640106201,
    "mean_time": 0.27546916007995603
  },
  "adjustment_factor": 1.1162227723067089
}