{
  "calibration_case": 100,
  "timestamp": "2025-08-31 18:54:40",
  "implementation": "iterativo",
  "cpp": {
    "times": [
      0.002591025004221592,
      0.002125776001776103,
      0.002365123000345193,
      0.002333809003175702,
      0.0019243040005676448,
      0.0019386519998079166,
      0.0025474720023339614,
      0.0022498329999507405,
      0.002521538997825701,
      0.0019534340026439168
    ],
    "outputs": [
      "906443459",
      "906443459",
      "906443459",
      "906443459",
      "906443459",
      "906443459",
      "906443459",
      "906443459",
      "906443459",
      "906443459"
    ],
    "median_time": 0.002333809003175702,
    "avg_time": 0.0022550967012648472,
    "min_time": 0.0019243040005676448,
    "max_time": 0.002591025004221592
  },
  "python": {
    "times": [
      0.028617315998417325,
      0.027854428997670766,
      0.029672527001821436,
      0.02873639499739511,
      0.028803291999793146,
      0.026108836005732883,
      0.027973472999292426,
      0.0298855770015507,
      0.02805499300302472,
      0.028424919000826776
    ],
    "outputs": [
      "906443459",
      "906443459",
      "906443459",
      "906443459",
      "906443459",
      "906443459",
      "906443459",
      "906443459",
      "906443459",
      "906443459"
    ],
    "median_time": 0.028617315998417325,
    "avg_time": 0.028413175700552528,
    "min_time": 0.026108836005732883,
    "max_time": 0.0298855770015507
  },
  "adjustment_factor": 12.262064273244581
}