{
  "test_case": 9,
  "repetitions": 5,
  "cpp": {
    "times": [
      0.9708957672119141,
      0.8400664329528809,
      0.6683218479156494,
      0.8181154727935791,
      0.5977084636688232
    ],
    "success_count": 5,
    "success_rate": 1.0,
    "median_time": 0.8181154727935791,
    "mean_time": 0.7790215969085693
  },
  "python": {
    "times": [
      0.972985029220581,
      0.8075788021087646,
      0.6993656158447266,
      0.7935709953308105,
      0.7963652610778809
    ],
    "success_count": 5,
    "success_rate": 1.0,
    "median_time": 0.7963652610778809,
    "mean_time": 0.8139731407165527
  },
  "adjustment_factor": 0.9734142520964323
}