{
  "test_case": 9,
  "repetitions": 5,
  "cpp": {
    "times": [
      0.29744410514831543,
      0.2985401153564453,
      0.30594468116760254,
      0.340726375579834,
      0.30837082862854004
    ],
    "success_count": 5,
    "success_rate": 1.0,
    "median_time": 0.30594468116760254,
    "mean_time": 0.31020522117614746
  },
  "python": {
    "times": [
      0.3210766315460205,
      0.348055362701416,
      0.3355295658111572,
      0.3610210418701172,
      0.34008193016052246
    ],
    "success_count": 5,
    "success_rate": 1.0,
    "median_time": 0.34008193016052246,
    "mean_time": 0.3411529064178467
  },
  "adjustment_factor": 1.1115798086851487
}