{
  "test_case": 5,
  "repetitions": 5,
  "time_limit": 3.0,
  "cpp_times": [
    0.0011763572692871094,
    0.0014157295227050781,
    0.001127004623413086,
    0.0012276172637939453,
    0.001535177230834961
  ],
  "python_times": [
    0.00823831558227539,
    0.010370016098022461,
    0.008605480194091797,
    0.010891199111938477,
    0.007859945297241211
  ],
  "cpp_success": 5,
  "python_success": 5,
  "cpp_stats": {
    "mean": 0.0012963771820068359,
    "median": 0.0012276172637939453,
    "min": 0.001127004623413086,
    "max": 0.001535177230834961,
    "std": 0.00017254725001934372
  },
  "cpp_iqr": 13.309957349930729,
  "python_stats": {
    "mean": 0.009192991256713866,
    "median": 0.008605480194091797,
    "min": 0.007859945297241211,
    "max": 0.010891199111938477,
    "std": 0.001351192419563026
  },
  "python_iqr": 14.69807140930562,
  "performance_ratio": 7.091293632986353
}